Abstract,Authors,Authors_Affiliations,DOI,ISBN,ISSN,Issue,Keywords,Page_End,Page_Start,Publication,Publication_Date,Publication_Type,Publisher,Title,URL,Volume,Year
,"Xiaochen Zhang, Hui Zhang, Linyue Zhang, Yi Zhu, Fei Hu","Guangdong University of Technology, Guangdong University of Technology, Sun Yat-sen University, Guangdong University of Technology, Georgia Institute of Technology, Guangdong University of Technology",https://doi.org/10.3390/s19214670,,,,"Wearable computer, Orientation (vector space), Human–computer interaction, Computer science, Process (computing), Simulation, Planner, Perception, Path (computing), Impaired Vision, Computer vision, Artificial intelligence, Embedded system, Psychology, Medicine, Geometry, Mathematics, Neuroscience, Programming language, Ophthalmology, Operating system",,,,2019-10-28,article,,Double-Diamond Model-Based Orientation Guidance in Wearable Human–Machine Navigation Systems for Blind and Visually Impaired People,https://openalex.org/W2981582759,,2019
,"Chen-Lung Lu, Ziyan Liu, Jui-Te Huang, Ching-I Huang, Bo-Hui Wang, Yi Chen, Nien-Hsin Wu, Hsueh-Cheng Wang, L. Giarrè, Pei-Yi Kuo","National Yang Ming Chiao Tung University, National Yang Ming Chiao Tung University, National Yang Ming Chiao Tung University, National Yang Ming Chiao Tung University, National Yang Ming Chiao Tung University, National Yang Ming Chiao Tung University, National Tsing Hua University, National Yang Ming Chiao Tung University, University of Modena and Reggio Emilia, National Tsing Hua University",https://doi.org/10.3389/frobt.2021.654132,,,,"Beacon, Computer science, Robot, Reinforcement learning, Human–computer interaction, Artificial intelligence, Simultaneous localization and mapping, Pedestrian, Computer vision, Interface (matter), Mobile robot, Navigation system, Mobile robot navigation, Real-time computing, Robot control, Engineering, Bubble, Maximum bubble pressure method, Parallel computing, Transport engineering",,,,2021-06-22,article,,Assistive Navigation Using Deep Reinforcement Learning Guiding Robot With UWB/Voice Beacons and Semantic Feedbacks for Blind and Visually Impaired People,https://openalex.org/W3165654247,,2021
,"Xiang Zhi Tan, Aldo Steinfeld","Carnegie Mellon University, Carnegie Mellon University",https://doi.org/10.1145/3029798.3034808,,,,"Computer science, Haptic technology, Robot, Human–computer interaction, Computer vision, Artificial intelligence, Work (physics), Engineering, Mechanical engineering",,,,2017-03-06,article,,Using Robot Manipulation to Assist Navigation by People Who Are Blind or Low Vision,https://openalex.org/W2593859885,,2017
,"Bineeth Kuriakose, Raju Shrestha, Frode Eika Sandnes","OsloMet – Oslo Metropolitan University, OsloMet – Oslo Metropolitan University, OsloMet – Oslo Metropolitan University",https://doi.org/10.1109/smc52423.2021.9658913,,,,"Computer science, Android (operating system), Visually impaired, Popularity, Deep learning, Artificial intelligence, Mobile device, Smartphone app, Android app, Human–computer interaction, Computer vision, Multimedia, World Wide Web, Psychology, Social psychology, Operating system",,,,2021-10-17,article,,SceneRecog: A Deep Learning Scene Recognition Model for Assisting Blind and Visually Impaired Navigate using Smartphones,https://openalex.org/W4206657882,,2021
,"Patrice Kadionik, Yahia Said, Mohamed Amin Ben Atitallah, Mohammed Albekairi, Khaled Kaâniche, Sahbi Boubaker","Al Jouf University, Northern Border University, University of Monastir, Université Gustave Eiffel, UniLaSalle Amiens (ESIEE-Amiens), Centre National de la Recherche Scientifique, University of Sfax, Al Jouf University, Al Jouf University, Jeddah University",https://doi.org/10.1016/j.asej.2023.102387,,,,"Obstacle, Landmark, Computer science, Artificial intelligence, Object detection, Computer vision, Classifier (UML), Context (archaeology), Pattern recognition (psychology), Paleontology, Political science, Law, Biology",,,,2024-02-01,article,,An effective obstacle detection system using deep learning advantages to aid blind and visually impaired navigation,https://openalex.org/W4384451756,,2024
,"Patrice Kadionik, Yahia Said, Mohamed Amin Ben Atitallah, Mohammed Albekairi, Khaled Kaâniche, Sahbi Boubaker","Al Jouf University, Northern Border University, University of Monastir, Université Gustave Eiffel, UniLaSalle Amiens (ESIEE-Amiens), Centre National de la Recherche Scientifique, University of Sfax, Al Jouf University, Al Jouf University, Jeddah University",https://doi.org/10.1016/j.asej.2023.102387,,,,"Obstacle, Landmark, Computer science, Artificial intelligence, Object detection, Computer vision, Classifier (UML), Context (archaeology), Pattern recognition (psychology), Paleontology, Political science, Law, Biology",,,,2023-07-16,article,,An effective obstacle detection system using deep learning advantages to aid blind and visually impaired navigation,https://openalex.org/W4384451756,,2023
,"Paraskevi Theodorou, Απόστολος Μηλιώνης","University of Piraeus, University of Piraeus",https://doi.org/10.1007/978-3-030-87132-1_12,,,,"Visually impaired, Software, Human–computer interaction, Field (mathematics), Convergence (economics), Computer science, Artificial intelligence, Engineering, Operating system, Mathematics, Pure mathematics, Economics, Economic growth",,,,2021-11-30,book-chapter,,Human–Machine Requirements’ Convergence for the Design of Assistive Navigation Software: Τhe Case of Blind or Visually Impaired People,https://openalex.org/W3215181828,,2021
,"Anbang Yang, Nattachart Tamkittikhun, Giles Hamilton-Fletcher, Vinay Ramdhanie, Thu Vu, Mahya Beheshti, Todd E. Hudson, Wachara Riewpaiboon, Pattanasak Mongkolwat, Chen Feng, John‐Ross Rizzo","Mahidol University, New York University, New York University, New York University, New York University, Ramathibodi Hospital, Mahidol University, Mahidol University, Ramathibodi Hospital, Mahidol University, New York University",https://doi.org/10.1080/10400435.2024.2382113,,,,"Destinations, Transformative learning, Psychology, Computer science, Applied psychology, Tourism, Geography, Developmental psychology, Archaeology",,,,2024-08-13,article,,Evaluating the efficacy of UNav: A computer vision-based navigation aid for persons with blindness or low vision,https://openalex.org/W4401556490,,2024
"Introduction: Although pharmaceutical companies, regulatory authorities, and health technology assessment (HTA) agencies have been increasingly using decision-making frameworks, it is not certain whether these enable better quality decision making. This could be addressed by formally evaluating the quality of decision-making process within those organizations. The aim of this literature review was to identify current techniques (tools, questionnaires, surveys, and studies) for measuring the quality of the decision-making process across the three stakeholders. Methods: Using MEDLINE, Web of Knowledge, and other Internet-based search engines, a literature review was performed to systematically identify techniques for assessing quality of decision making in medicines development, regulatory review, and HTA. A structured search was applied using key words and a secondary review was carried out. In addition, the measurement properties of each technique were assessed and compared. Ten Quality Decision-Making Practices (QDMPs) developed previously were then used as a framework for the evaluation of techniques identified in the review. Due to the variation in studies identified, meta-analysis was inappropriate. Results: This review identified 13 techniques, where 7 were developed specifically to assess decision making in medicines' development, regulatory review, or HTA; 2 examined corporate decision making, and 4 general decision making. Regarding how closely each technique conformed to the 10 QDMPs, the 13 techniques assessed a median of 6 QDMPs, with a mode of 3 QDMPs. Only 2 techniques evaluated all 10 QDMPs, namely the Organizational IQ and the Quality of Decision Making Orientation Scheme (QoDoS), of which only one technique, QoDoS could be applied to assess decision making of both individuals and organizations, and it possessed generalizability to capture issues relevant to companies as well as regulatory authorities. Conclusion: This review confirmed a general paucity of research in this area, particularly regarding the development and systematic application of techniques for evaluating quality decision making, with no consensus around a gold standard. This review has identified QoDoS as the most promising available technique for assessing decision making in the lifecycle of medicines and the next steps would be to further test its validity, sensitivity, and reliability.Peer reviewedFinal Published versio","*, *, Beyer, Blenko, Buchanan, Bujar, Bujar, Calnan, Canadian Agency for Drugs and Technologies in Health (CADTH), Cherny, Cole, Cook, Cowlrick, Dean, Donelan, Donelan, Dowding, EUnetHTA, European Medicines Agency (EMA), European Medicines Agency (EMA), European Medicines Agency (EMA), Fischer, Food and Drug Administration (FDA), Food and Drug Administration (FDA), Garbuio, Goldberg, Guo, Hammond, Hassanzadeh, Jekunen, Kahneman, Leong, Liberti, Lovallo, Marangi, Matheson, Matheson, McAuslane, McAuslane, McDowell, McIntyre, Morton, Pignatti, Ratliff, Rogowski, Salek, Schnipper, Scott, Sharpe, Strategic Decision Group (SDG), Streiner, Thaler, Wagner, Westley, World Health Organization (WHO)",,10.3389/fphar.2017.00189,,,,,,,,,,'Frontiers Media SA',"Evaluating Quality of Decision-Making Processes in Medicines' Development, Regulatory Review, and Health Technology Assessment : A Systematic Review of the Literature.",,,
"The core research questions addressed in this paper are: what factors influence HR professionals in deciding whether to approve training proposals for older workers? What kind of training are they more likely to recommend for older employees and in which organizational contexts? We administered three factorial surveys to 66 HR professionals in Italy. Participants made specific training decisions based on profiles of hypothetical older workers. Multilevel analyses indicated that access to training decreases strongly with age, while highly-skilled older employees with low absenteeism rates are more likely to enjoy training opportunities. In addition, older workers displaying positive performance are more likely to receive training than older workers who perform poorly, suggesting that training late in working life may serve as a reward for good performance rather than as a means of enhancing productivity. The older the HR professional evaluating training proposals, the higher the probability that older workers will be recommended for training.

keywords: training; older workers; HR professionals; factorial survey; multilevel model","*, *, ***, A B�rsch-Supan, A E M Van Vianen, A E M Van Vianen, A Lazazzara, A Paulli, A Walker, Alessandra Lazazzara, B L Hassell, B Rosen, D A Waldman, D Fouarge, E Conway, E Demidenko, E H Schein, E L Perry, G Becker, H P Van Dalen, I L Goldstein, I R Gellatly, J Arrowsmith, J J Martocchio, Jespen, K Henkens, K Henkens, K Karpinska, Kasia Karpinska, Kene Henkens, L H Ganong, L M Finkelstein, L R Offermann, L Wallander, M Armstrong-Stassen, Medium, O Rymkevitch, P H Rossi, P Mcdonald, P Taylor, R A Posthuma, R N Butler, S Jackson, S Koc-Menard, T D Nelson, T J Maurer, T N Garavan, U Backes-Gellner, W Bruine De Bruin, W C K Chiu, W Conen",,10.2139/ssrn.1949060,,,,,,,,,,"Network for Studies on Pensions, Aging and Retirement (Netspar), Tilburg",What factors influence training opportunities for older workers? Three factorial surveys exploring the attitudes of HR professionals,,,
,"Perchik, Simon",,10.17077/0021-065x.5497,,,,,,,,,,'The University of Iowa',*,,,
,"Kaminski, Megan",,,,,,,,,,,,ScholarWorks at University of Montana,*,,,
page 4,"Perchik, Simon",,,,,,,,,,,,The Open Repository @ Binghamton (The ORB),*,,,
,"Perchik, Simon",,10.17077/0021-065x.5466,,,,,,,,,,'The University of Iowa',*,,,
,"Perchik, Simon",,,,,,,,,,,,ScholarWorks at University of Montana,*,,,
"Hyperbaric Oxygen Therapy (HBOT) can increase oxygen delivery to tissues and stimulate the formation of H2O2 as a secondary messenger for phosphorylation of nuclear factor kappa beta (NF-kB) which plays an important role in the transcription of the anti apoptotic gene. This study aimed to determine the effects of Hyperbaric Oxygen Therapy (HBOT) in enhancing the expressions of Bcl-2 in the myometrium of pregnant rats infected by Toxoplasma gondii. This study was an experimental study with a randomized control group of post-test only and designed by 37 pregnant Rattus norvegicus Sprague Dawley. Randomly, the rats were divided into four groups. Group A is infected pregnant rats that exposed by 10 sessions of HBOT 2.4 ATA in 3x30 minutes. Group B is non-infected pregnant rats and exposed by 10 sessions of HBOT 2.4 ATA in 3x30 minutes. Group C is infected pregnant rats without any exposure. Group D is non-infected pregnant rats without any exposure. Each infected pregnant rat was given a 103 tachyzoite of T.gondii by intraperitoneal injection. Bcl-2 expressions were measured through immunohistochemistry. All data were analyzed using ANOVA test through SPSS 21 program application. There was a significant difference in Bcl-2 expression between Group A and Group C because p<α (p<0.017). HBOT can increase the expression of Bcl-2 from infected and not infected rat myometrium, in the provision of HBOT 2.4 ATA for 3x30 minutes, twice a day for 5 days","Aryati, Aryati, Mufasirin, Mufasirin, Nurdianto, Arif Rahman, Suryokusumo, Mohammad Guritno",,10.30742/jikw.v9i1.730,,,,,,,,,,'Universitas Wijaya Kusuma Surabaya',Efek Proteksi dari Terapi Oksigen Hiperbarik terhadap Ekspresi Bcl-2 Miometrium Rattus norvegicus Bunting yang Terinfeksi oleh Tachyzoite Toxoplasma gondii,,,
page 9,"Perchik, Simon",,,,,,,,,,,,The Open Repository @ Binghamton (The ORB),*,,,
,"Perchik, Simon",,,,,,,,,,,,Department of English and the Graduate College of The University of Iowa,*,,,
,"!, !&quot, # !$, # &apos, # *6a , # *?* $, # *@5, # *@? , ##(*++61, $ %#&amp, $ &quot, $!&quot, $/)11&amp, % &quot, &amp, (*++?&quot, *, * ++@. *66 , * 5@ 9#:&amp, * 6+, * @+, * @5 &amp, * @6c*?0# /:&gt, * A0, *@, *@, *@0 , *@0 * ++a, / 19&gt, / Dc D&amp, // #h, =/H, Andrew Steven, C#9&amp, C&quot, G --$ C I &amp, G = $ 1 , J!###&quot",,10.2139/ssrn.1371139,,,,,,,,,,'Elsevier BV',Accessoriness and Security over Land,,,
,"# % &lt, # *%, # 9h &amp, # H4 &quot, #$%6-*, $ 8@a2# $8@83, &amp, &amp, *, *%-6-*, +/$% % !&quot, +/$%&quot, +/$&lt, B&quot, Hector Lewis MacQueen, J&quot",,10.2139/ssrn.1447877,,,,,,,,,,'Elsevier BV',Rights and Duties of the Seller and the Buyer,,,
"We investigate some aspects of top management pay in China\u27s listed firms. We find positive pay and performance sensitivities and elasticities for top executives. In terms of magnitude, these sensitivities are similar to those reported in U.S. firms during the 1970s. However, the pay and performance relation is slightly weaker for firms located in less developed provinces. We also find that the pay disparities between top managers and employees are positively related to a firm\u27s performance. Thus, it appears that any deviation away from a manager-worker compensation norm has to be justified by superior firm performance. In additional analyses, we find that managers\u27 perquisites are not related to performance","*, A Andrews, G M Chen, G M Chen, G M Chen, J E Core, L A Bebchuk, L A Bebchuk, M Bloom, M Deutsch, M J Conyon, M L Bognanno, Michael Firth, Oliver M. Rui, Tak Yan Leung, Y L Cheung",,10.2139/ssrn.1639715,,,,,,,,,,Digital Commons @ Lingnan University,Justifying top management pay in a transitional economy,,,
No abstract availabl,*,,,,,,,,,,,,Professional Historians Association (Queensland),Section 2 : place,,,
"This paper studies corporate governance when a firm faces imperfect competition. We derive firms' decisions from utility maximization by individuals. This reduces the usual monopoly distortion. We find that corporate governance can effect the equilibrium in the product (or input) markets. This enables us to endogenize the objective function of the firm. If the firm cannot commit not to change its constitution, we find a Coaselike result where all market power is lost in the limit. We present a more abstract model of governance in the presence of market distortions and discuss its implications for the governance of universities","!#*+ &quot, !*#* &amp, !b 588=h=cb Hc H&lt, !b H&lt, !b H&lt, #$+1 &amp, $ !&amp, $+* $ &amp, % * # &quot, %!$&amp, &amp, &lt, &lt, &lt, &lt, &lt, &lt, &lt, *, *, * &amp, *&apos, *&quot, **$$ &quot, *+ %&amp, *+$$ &apos, + $!* &amp, + %!$*&apos, +#!$+&amp, +#$!.+ + O, /* !*$&amp, /*7&amp, 5@ 57h=cb !b 7cbhf5ghh K=h&lt, 5b8, 5b8 Cfdcf5h9 Cj9fb5b799p /Cf?=b, 5b=g5h=cbg !b H&lt, 5h=cb 5b8 H&lt, 75b Cf, 9a9bh !b H&lt, 9a9bh 6immcihg %&apos, 9b7m H&lt, 9ei5h=cb K9 B88, 9f=5@ !b79bh=j9ggp, 9f=5@ @56cif A5f?9h =g =ad9f, 9f=5@ Cad9h=h=cb Ad@cm999, 9g =b 7cfdcf5h9, 9h&lt, =g H&lt, =j9g Acf9 89h5=@98 Dfcc:G C: G9@97h98 F9gi@hg !h =g =b7@i898 Hc &lt, =j9gh=hif9 !b79bh=j9g =b &apos, @@ Gmgh9ag C, A5=b, Bch, Bch 9ld97h 5bm C, David Kelsey, Dcf5h9 , Dck9f, F5=b 9@9j5hcf, F5=b 9@9j5hcf 5f9, Fa G 5b 9l5ad@9 7cbg=89f A5b5, Fcid C, Fcidg Hc &lt, Frank Milne, H&lt, H&lt, H&lt, H&lt, H&lt, H&lt, H&lt, H&lt, H&lt, H=cb Cf H5, Hc, Hc Ibac89@@988 7cghg C: Cf, Hif9 Cb A5b5, I9 H&lt, I98 H&lt, Ighca9f Cf &apos, K&lt, K9@@ 9gh56@=g&lt, K=h&lt, O, O, P /5&amp, Q 5b8 Q",,10.2139/ssrn.704821,,,,,,,,,,'Elsevier BV',Market distortions and corporate governance,,,
,"*, Andreas Ziegler, B Dansie, G O Ewing, J Geweke, J Geweke, J K Dagsvik, L.-F Lee, M Horne, M Keane, V Hajivassiliou, V Hajivassiliou",,10.2139/ssrn.1585142,,,,,,,,,,'Elsevier BV',Individual Characteristics and Stated Preferences for Alternative Energy Sources and Propulsion Technologies in Vehicles: A Discrete Choice Analysis,,,
,"*, *, ***, ***, A Paulus, A Peichl, A Peichl, A Peichl, A Peichl, A Peichl, A Werblow, B Dormont, B H Baltagi, B Linscheidt, Breusch-Godfrey, C Bergs, C Bergs, C Colombier, C Fuest, C Fuest, C Fuest, C Fuest, C Fuest, C Fuest, C Fuest, C Fuest, Carsten Colombier, Ch Dreger, D Ewringmann, D Ewringmann, D M Cutler, F Brenneisen, F Brenneisen, J Becker, J Becker, J E Triplett, J Finken, J Hartwig, J Hartwig, J Hartwig, J Oliveira Martins, K Bizer, K Bizer, K Herold, K Mackscheidt, K Mackscheidt, K Mackscheidt, K Mackscheidt, M Groneck, M Groneck, M Groneck, M O&apos, M Th�ne, M Th�ne, M Th�ne, M Th�ne, N Ahmad, P Zweifel, P.-W Rhee, R B Freeman, R Br�gelmann, R C Plachta, R Ochmann, R Scholl, S Braun, S Dobroschke, S Heilmann, S Machin, Shapiro-Wilk, St Braun, Th E Getzen, U.-G Gerdtham, V R Fuchs, W D Nordhaus, W D Nordhaus, W J Baumol, W J Baumol, W Kitterer, W Kitterer, W Kitterer, W Kitterer, W: Intergenerative Kitterer, Y Croissant",,10.2139/ssrn.2341054,,,,,,,,,,'Elsevier BV',Drivers of Health Care Expenditure: Does Baumol's Cost Disease Loom Large?,,,
,"*, *** -, A Akerman, A C Cameron, B Arvin, B Sianesi, C Forman, D Montolio, F Belloc, G Ahlfeldt, G Canzian, H Atasoy, I Bertschek, I Kandilov, J Heckman, J Heckman, J Kolko, J Paleologos, J Stock, Kai HHschelrath, L.-H R�ller, M Lechner, N Czernich, N Czernich, N Fabritz, O Ashenfelter, O Ivus, Oliver Falck, T Bresnahan, T De Stefano, W Briglauer, Wolfgang Briglauer",,10.2139/ssrn.2848889,,,,,,,,,,'Elsevier BV',Does State Aid for Broadband Deployment in Rural Areas Close the Digital and Economic Divide?,,,
,"*, A Alesina, A Alesina, A Cukierman, A Downs, A H Meltzer, A Tversky, B F Crisp, C Gervasoni, D C Washington, D Kahneman, Di Tella, E Lora, E Lora, E Lora, Eduardo A. Lora, F Arcelus, G H Kramer, J A Cheibub, J Corrales, J M Payne, J Williamson, J Wolfers, K Deininger, K M Roberts, K Weyland, Karen L Remmer, Latinobar�metro, M Coppedge, M Naim, M P Fiorina, M S Lewis-Beck, Mauricio Olivera, P Kuczynski, P Navia, R H Thaler, R M Duch, Roett, S Jain, S Pernice, S Stokes, T Persson, W Keech, World Bank",,10.2139/ssrn.1818730,,,,,,,,,,'Elsevier BV',The Electoral Consequences of the Washington Consensus,,,
"In the extreme high intensity regime of electromagnetic (EM) waves in plasma,
the acceleration process is found to be dominated by the ponderomotive
acceleration (PA). While the wakefields driven by the ponderomotive force of
the relativistic intensity EM waves are important, they may be overtaken by the
PA itself in the extreme high intensity regime when the dimensionless vector
potential $a_0$ of the EM waves far exceeds unity. The energy gain by this
regime (in 1D) is shown to be (approximately) proportional to $a_0^2$. Before
reaching this extreme regime, the coexistence of the PA and the wakefield
acceleration (WA) is observed where the wave structures driven by the
wakefields show the phenomenon of multiple and folded wave-breakings.
Investigated are various signatures of the acceleration processes such as the
dependence on the mass ratio for the energy gain as well as the energy spectral
features. The relevance to high energy cosmic ray acceleration and to the
relativistic laser acceleration is considered.Comment: 15 pages, 7 figures. This is an author-created, un-copyedited version
  of an article submitted for publication in Physical Review ST Accelerators
  and Beam","*, Ebisuzaki, Toshikazu, Lau, Calvin, Luk, Onnie, McClenaghan, Joseph, Tajima, Toshiki, Yeh, Po-Chun",,10.1103/physrevstab.18.024401,,,,,,,,,,'American Physical Society (APS)',Ponderomotive Acceleration by Relativistic Waves,,,
,"*, *, *, *, ***, ***, ***, ***, ***, Rebel A. Cole, Susanne E. Cannon",,10.2139/ssrn.1824807,,,,,,,,,,'Elsevier BV',How Accurate are Commercial Real Estate Appraisals? Evidence from 25 Years of NCREIF Sales Data,,,
,"*, *, A Alesina, A Alesina, A Riascos, A Tornell, B Akitoby, C A Calder�n, D Staiger, Dany Jaimovich, E Alberola, E Talvi, F Balassone, G Calvo, G Kaminsky, J Gal�, J H Stock, J H Stock, M Aguiar, M Braun, M Gavin, P Manasse, R Caballero, R Rigob�n, S Galiani, Ugo G. Panizza, Z Hercowitz",,10.2139/ssrn.1820869,,,,,,,,,,'Elsevier BV',Procyclicality or Reverse Causality?,,,
,"*, A Akhmedov, A Alesina, A Alesina, A Alesina, A Brender, A Brender, A Dixit, A Drazen, A Dreher, A Hicken, A Krishna, April, August: Afghanistan, C P Vicente, C S Stokes, C S Wang, C Seymour, C Stokes, D C Macrae, D Corstange, D Corstange, December, E Dal Bo, E Dekel, E Gonzalez Ocantos, E Gonzalez-Ocantos, E Leertouwer, F Finan, February: Chile, Freedom House, Friedrich Heinemann, G Helmke, G W Cox, J A Gardner, J C Heckelman, J C Heckelman, J De Haan, J Klose, J M Snyder, J Sobel, J.-M Baland, J.-M Baland, July, L Veiga, L Wantchekon, Lusine Badalyan, M A Cambridge, M A Cambridge, M Bratton, M Paldam, M Paldam, M Shefter, November, O O Lucky, October, P Collier, P Collier, P Keefer, P Keefer, P Phongpaichit, P S Jensen, R L Hasen, R Weitz-Shapiro, S Alpanda, S Alpanda, S Nichter, S Nichter, September, T Aidt, T Persson, T S Aidt, T S Aidt, Toke Skovsgaard Aidt, W D Nordhaus, Zareh Asatryan",,10.2139/ssrn.2580781,,,,,,,,,,'Elsevier BV',Vote Buying or (Political) Business (Cycles) as Usual?,,,
,"*, A C Lemgruber, A Panagariya, D S Rao, G Epstein, G Epstein, Iatp, India Government Of, J Kuhnhenn, J Stiglitz, J Stiglitz, K Drawbaugh, K Subramanian, M Robles, P Suni, R Kumar, S Sen, S Sen, S Sen, S Sen, S Sen, S Sen, S Sen, Sunanda Sen, T Palley, U Thorat, Unctad, V Leeladhar, Y S Reddy",,10.2139/ssrn.1702390,,,,,,,,,,'Elsevier BV',Managing Finance in Emerging Economies: The Case of India,,,
,"*, *, *, A Chakrabarti, A Panel, A Razin, A Rugman, B Blonigen, B Naughton, C Chen, C Chen, C Reinhart, C-H Chen, E S Prasad, G Fan, G Xiao, H Sun, H Sun, J Shan, Jia He, K Head, L Alfaro, L K Cheng, L K Cheng, L K Cheng, M Arellano, M Arellano, M Gertler, M Habib, N Madariaga, Oliver M. Rui, P Gomme, P Gourinchas, Q Sun, R Blundell, R E Lucas, R G King, R H Gordon, S Globerman, S Globerman, S Poncet, S Wei, S Wei, Xiaolei Zha, Z Wang",,10.2139/ssrn.1964087,,,,,,,,,,'Elsevier BV',Governance Infrastructure and Location of Foreign Direct Investment in the People’s Republic of China,,,
,"*, A B Abel, A B Abel, A B�rsch-Supan, A Guscina, A Jayadev, B Heer, D De La Croix, D Domeij, D E Bloom, D Gollin, D Rodrik, De Boef, De Serres, Finland Austria, Greece Finland, J Breitung, J Hlouskova, J M Poterba, J Pemberton, L Fanti, M H Pesaran, M H Pesaran, M H Peseran, N Berthold, O J Blanchard, P Pedroni, P Pedroni, R Brooks, S Ambler, S Bentolila, S Bertoli, Simeon Vosen, Torsten Schmidt",,10.2139/ssrn.1550645,,,,,,,,,,'Elsevier BV',Demographic Change and the Labour Share of Income,,,
,"*, ***, A Agrawal, A Berle, A Shleifer, Alessandra Tucci, C Favero, C Gourieroux, C Mishra, D Acemoglu, D Kahneman, D Landes, D Leech, D Marin, F Caselli, F Perez-Gonzalez, Giorgio Barba Navaretti, H Demsetz, H Short, J Bloom, J Levinsohn, J Marschak, J Wooldridge, L Guiso, La Porta, M Becht, M Bennedsen, M Bertrand, M Burkart, M Gallo, N L Johnson, P Caselli, R Collins, R W Masulis, Riccardo Faini, S Giacomelli, S Mansi, S Nickell, S Olley, S Zahra, Santos Silva, T Zellwger, Verdier Marin, W Greene, W Greene, W Schulze",,10.2139/ssrn.1399546,,,,,,,,,,'Elsevier BV',Does Family Control Affect Trade Performance? Evidence for Italian Firms,,,
,"*, A B�nassy-Qu�r�, A S Soofi, B Balparda, C Floros, C Ho, C R Henning, C W J Granger, C W J Granger, E Girardin, E Levy-Yeyati, E Levy-Yeyati, E Ogawa, E Ogawa, F X Diebold, G A Calvo, G Almekinders, G M Caporale, G M Caporale, G M Caporale, G M Caporale, G Ma, Guglielmo Maria Caporale, H Chen, J A Frankel, J A Frankel, J A Frankel, J Bai, J Bai, J Beran, J Geweke, K M Abadir, Kefei You, L A Gil-Alana, L A Gil-Alana, L A Gil-Alana, L Hernandez, L R Souza, Luis A. Gil-Alana, M Chambers, M Fratzscher, M J Holmes, M Kawai, M Kawai, N Salidjanova, P C B Phillips, P C B Phillips, P Kenen, P M Robinson, P M Robinson, P M Robinson, R Colavecchio, R Dahlhaus, R I Mckinnon, R K Mishra, Robert Mundell, Singapore, U Hassler, V Pontines, W R Parke, Yung Park",,10.2139/ssrn.2808486,,,,,,,,,,'Elsevier BV',"Exchange Rate Linkages between the ASEAN Currencies, the US Dollar and the Chinese RMB",,,
,", , , !, ! @&gt, ! @&gt, ! @&gt, ! @j, ! Ifd Nfic, !&lt, !cfi@8e (fi8k? Ifk?&lt, !fi Efk&lt, !ifd 8 K?&lt, !l, !l 8e, #8d %f?e 8e, $ % 56 99@eb &amp, $!! +8ik =fccfnj , $!&amp, $!&quot, $= 8k C&lt, $= 9fk? Gc8p&lt, $= Gc8p&lt, $= K?&lt, $= N@ej K?&lt, $e C@e&lt, $e Fk?&lt, $e K?&lt, $e K?&lt, $e Knf =lik?&lt, $eki8&quot, %@e&gt, %[qj&lt, %lc@8 /Fb8kc@, &amp, &amp, &amp, &amp, &gt, &gt, &lt, &lt, &lt, &lt, &lt, &lt, &lt, &lt, &lt, &lt, &lt, &lt, &lt, &lt, &lt, &lt, &lt, &lt, &lt, &lt, &lt, &lt, &lt, &lt, &lt, &lt, &lt, &lt, &lt, &lt, &lt, &lt, &lt, &lt, &lt, &lt, &lt, &lt, &lt, &lt, &lt, &lt, &lt, &lt, &lt, &lt, &lt, &lt, &lt, &lt, &quot, (fi&gt, *, * E&lt, * Ufeefi -8pdfe, *&apos, *e:&lt, *li 8e8cpj@j =f:Lj&lt, *li D8@e &lt, +&lt, +0&apos, +fn&lt, -!$&amp, / Lccf:B &quot, /-I&lt, /89c&lt, /89c&lt, /89c&lt, /89c&lt, /89c&lt, /?&lt, /?&lt, /F &lt, 2&lt, 2&lt, 8&gt, 8cc Gc8p&lt, 8cfe&lt, 8e @ek&lt, 8e8cpj@j 8i&lt, 8i&lt, 8ip Cjf K?&lt, 8j8i@ (8i:F %f?e #8d 8e, 8k8, 9i&lt, 9p Fk?&lt, 9p Jk&lt, 9p M8cl&lt, :8e D8b&lt, :Kl8c :?f@:&lt, =fi 9&lt, =ifd, =ifd 89fm&lt, =ifd K?&lt, =ifd K?&lt, =le:K@fe F= K?&lt, =lik?&lt, ? @e&gt, ?k:&lt, @&gt, @8&gt, @:8ccp @d9&lt, @= @e K?&lt, @d&lt, @e, @e !@&gt, @e 8e &lt, @e Jk8&gt, @e Jk8&gt, @e K&lt, @e K?&lt, @e K?&lt, @e K?&lt, @e&gt, @e&gt, @e&gt, @e&gt, @e&gt, @e&gt, @e&gt, @e&gt, @e&gt, @e&gt, @e&gt, @ek&lt, @ek&lt, @fl D&lt, @j 9p Gf@ekj Cfn&lt, @j @e&gt, @j Dfk@m8k&lt, @jc@b&lt, @jki@9lk@fe F= =ifd N?@:? K?&lt, @jki@9lk@fe F= K?&lt, @m&lt, @m@j@fe 8i&lt, @oo $e Jldd8ip Fli I&lt, @x&lt, @x&lt, @x&lt, C&lt, C&lt, C8ek:?&lt, C8i8k@fe @j 89flk N?&lt, C@b&lt, C@k&lt, Cfk K&lt, Changxia Ke, Ck&lt, Dfi&lt, Di&lt, Efk =lccp I&lt, F Efk &lt, F&lt, F&lt, F&lt, F&lt, F&lt, F&lt, F&lt, F&lt, F9j @e Kf9@k Df, F9j I@&gt, F9k8@e @e C@e&lt, F= &lt, F= K?&lt, Fd 9lk I&lt, Fd E8kli&lt, Fe /Lccf:B &lt, Fe Jk8b&lt, Fe K?&lt, Fe K?&lt, Fe N@ee@e&gt, Fe W:@&lt, Fekifc Ki&lt, Fgkj =fi K?&lt, Fiifn %8d&lt, Fk&lt, Fk&lt, Fk&lt, Fk?&lt, Fkk@i Ee8 8e, Florian Morath, Fn F= K?&lt, Fn F= K?&lt, G&lt, G&lt, G8ik F= K?&lt, G8pfx, Gf@ekj Dfi&lt, Gfjkn8i Ki8ej@k@fej /?&lt, Gi&lt, Gi&lt, Gi@fi Kf Jk8&gt, Gifm@j@fe @e @ek&lt, I&lt, I&lt, I&lt, I&lt, I@b *iq&lt, Ilc&lt, J, J !fij:?le&gt, J $= K?&lt, J $e, J $e, J $e, J &lt, J /?&lt, J 8j K?&lt, J F= 8 =&lt, J Fe K?&lt, J Fe K?&lt, J K?&lt, J Kf 8 ?@&gt, J Kf @&lt, J Kf Dfi&lt, J Kf R&gt, J Kf R&gt, J Lg @e 8e @eki88cc@8e:&lt, J R&gt, J8p Gc8p&lt, J?8i&lt, J?fn ?fn K?@j Nfib @j Df, J?fne @e !@&gt, J@&gt, J@dlck8e&lt, J@e&gt, Jfd&lt, Jlim&lt, K&lt, K&lt, K?&lt, K?&lt, K?&lt, K?&lt, K?&lt, K?&lt, K?&lt, K?8e 9lk @k , K?8k @e Jk8&gt, Kai A. Konrad, Kf 8cc Fk?&lt, Kf 9&lt, Kf Fi Kf , Kf Fli Nfib @j 9p, Kf K?&lt, Kf K?&lt, Kf K?&lt, Kf K?&lt, Kf K?8k F= K?&lt, Kf R&gt, Kf R&gt, Ki&lt, Kip F&gt, L8c C&lt, Ldd@&lt, Ldd@&lt, Ldd@&lt, Ldd@&lt, Le&lt, Lej&lt, Lg, Lg @e 8e @ek&lt, Lg Gif9c&lt, Ljki@8c *i&gt, N&lt, N?&lt, N@ej K?&lt, Ok&apos, Ok/F9@k, Ok/F9@k, Ok/F9@k ! @&gt, Ok/F9@k @&gt, Ok/F9@k Ok/F9@k @&gt, P Lj@e&gt, P N?&lt, Q&lt, R&gt, Uj",,10.2139/ssrn.2029085,,,,,,,,,,'Elsevier BV',Alliances in the Shadow of Conflict,,,
,"*, ***, DI RIENZO, VALENTINA, LA NOTTE P****, MIAZZI, Monica Marilena, MONTEMURRO, CINZIA, SAVINO, Vito Nicola",,,,,,,,,,,,place:Napoli,"THE MOLECULAR CHARACTERIZATION OF APULIAN GRAPE
BIODIVERSITY HERITAGE",,,
,"*, Hans Bloemen",,10.2139/ssrn.2523933,,,,,,,,,,'Elsevier BV',Language Proficiency of Migrants: The Relation with Job Satisfaction and Skill Matching,,,
,"! ! #!&quot, $ 2c5, &gt, *, *, *, * Ac, * F8, *$ /, *$22 , */-&amp, +96d6 2c6 2==@h65 E@ 6g@=g6 244@c5, /, /(*$&quot, /3&amp, : Cdee E96 4@, Ac@2496d E@ 4@, D6=64e, E@ 252ae E9:D Ac, Gary Koop, J E96 =2h @7, Roberto Leon-Gonzales, Rodney W. Strachan",,10.2139/ssrn.1899383,,,,,,,,,,'Elsevier BV',Bayesian Inference in a Time Varying Cointegration Model,,,
,"! 78&amp, !&quot, *, / Ddg4/, Angus Campbell, Benjamin I Page, Cass Sunstein, David All, Della Vigna, Eric Boehlert, Gary C Jacobson, Gary C Jacobson, Glenn Thrush, James T Hamilton, Jeffrey Jones, Markus Prior, Matthew A Baum, Matthew A Baum, Matthew A Baum, Matthew A Baum, Matthew A Baum, Matthew A Baum, Matthew A Baum, Matthew Baum, Matthew Gentzkow, Matthew Hindman, Media Matters For America, Michael Schudson, Ole R Holsti, Robert Lynd, Robert Schlesinger, Robert Schlesinger, Samuel Kernell, Steven Kull, Table 1a, Tara Parker-Pope, Thomas H Maugh, W Bennett, Will Feltus",,10.2139/ssrn.1785410,,,,,,,,,,'Elsevier BV',"Red, Blue, and the Flu: Media Self-Selection and Partisan Gaps in Swine Flu Vaccinations",,,
,"*, ***, ***, ***, ***, ***, A Alesina, A Alesina, A Bergh, A Clark, A E Clark, A Ferrer-I-Carbonell, A Hirschman, A Lerner, A Stutzer, Axel Dreher, B Frey, C Bj�rnskov, Christian Bjørnskov, D G Blanchflower, E Diener, E Fehr, E Hopkins, F A Hayek, G Corneo, G Mitchell, I Grosfeld, J A V Fischer, J E Roemer, J Gwartney, J T Scott, Jan Schnellenbach, Justina A. V. Fischer, M Ravillion, R Inglehart, R Layard, R Veenhoven, Russia, T Veblen, Th Dohmen",,10.2139/ssrn.1527356,,,,,,,,,,'Elsevier BV',On the Relation between Income Inequality and Happiness: Do Fairness Perceptions Matter,,,
,"المجلد17 العدد01, فهرس",,,,,,,,,,,,الخطاب,*,,,
"Objetivo. El propósito de este estudio fue identificar las enfermedades crónicas no mentales, más frecuentes en la población colombiana afectada por el conflicto armado. 
Metodología. Este es un estudio transversal, que usa datos de la Encuesta Nacional de Salud Mental 2015. La población estudiada se estratificó por sexo y edad y se extrajeron otros datos generales como: nivel educativo y grado de pobreza, medido por el Índice Multidimensional de Pobreza. Se analizaron datos de personas que reportaron haber sido víctimas del conflicto armado colombiano en algún momento de la vida la vida y se reportó como medida de riesgo relativo indirecto la frecuencia de presentación de enfermedades crónicas no mentales. 
Resultados. Se describió información de 10 764 personas mayores de 18 años siendo una muestra representativa a nivel nacional. Se encontró que 10,4 % de los sujetos afectados por el conflicto armado tienen un nivel educativo superior (técnico o universitario), así como 43,6 % se encuentran en estado de pobreza o en estado de vulnerabilidad. Las enfermedades crónicas no mentales identificadas fueron: hipertensión arterial 20,4 % (IC95% 15,7–26,1), diabetes 6,7 % (IC95% 4,4–10,3), enfermedades reumatológicas 10,4 % (IC95% 7,1–14,9), enfermedades gastrointestinales 19,1 % (IC95% 14,5–24,7), y dolor crónico 6,9 % (IC95% 4,2–11) 
Conclusiones. La población afectada por el conflicto armado tiene aparentemente mayor riesgo de presentar enfermedades crónicas no mentales, tales como hipertensión arterial y diabetes, lo que evidencia la situación de vulnerabilidad de estas comunidades.Q2Investigación original1-8Objective. The purpose of this study was to identify the most frequent non-mental chronic illnesses in the Colombian population affected by the armed conflict. 
Methodology. A cross-sectional study using data from the National Mental Health Survey 2015. The study population was stratified by sex and age and other general data were extracted, including education and poverty level, measured by the Multidimensional Poverty Index. Data analysis was based on information from people who reported having been victims of the Colombian armed conflict at some time in their lives; the frequency of presentation of non-mental chronic illnesses was reported as a measure of indirect relative risk. 
Results. Information on 10,764 people over 18 years of age was described, this being a representative sample at the national level. It was found that 10.4% of subjects affected by the armed conflict have a high educational level (technical school or university), and that 43.6% are living in conditions of poverty or vulnerability. The non-mental chronic illnesses identified were: hypertension 20.4% (CI95%: 15.7-26.1); diabetes 6.7% (CI95%: 4.4-10.3); rheumatologic diseases 10.4% (CI95%: 7.1-14.9); gastrointestinal diseases 19.1% (CI95%: 14.5-24.7); and chronic pain 6.9% (CI95%: 4.2-11) 
Conclusions. The population affected by the armed conflict is apparently at greater risk of presenting non-mental chronic illnesses such as hypertension and diabetes, which shows the vulnerability of these communities","Gomez Restrepo, Carlos, Medina Rico, Mauricio Alejandro, Rincon Rodriguez, Carlos Javier",,10.26633/rpsp.2017.144,,,,,,,,,,'Pan American Health Organization',*,,,
"Los análisis de riesgo por inundación en Colombia, se han enfocado en la modelación física de
la amenaza y en la valoración de la vulnerabilidad física y social. Pero no se han integrado estos
dos análisis en la evaluación del riesgo. El trabajo presentado hace énfasis, en la inclusión de
los elementos sociales y el conocimiento de las comunidades, como base para la generación de
modelos de evaluación del riesgo. Específicamente, se propone un modelo para hacer modelos,
en el marco de procesos de participación local. Para esto se utiliza la metodología GAIA. Los
artefactos desarrollados son: MOJANA, MOJANACOOP y MOJANAREAL, los cuales
reflejan en su diseño los principales componentes del metamodelo. Las variables y procesos a
modelar se representan a través de las reglas, que permiten integrar el fenómeno de la
inundación y las características del sistema social. Para el desarrollo de los modelos se utiliza
el caso de estudio de la ecorregión de la Mojana y se pudo concluir que las variables más
importantes para analizar la vulnerabilidad social son: la condición de habitabilidad, las
actividades productivas, los procesos de cooperación y, el acceso a la salud y educación de las
comunidades locales. Para el caso específico de la ecorregión de la Mojana, la vulnerabilidad
social es media y esta se encuentra relacionada con las formas de adaptación a los procesos de
inundaciónFlood risk analyzes in Colombia have been focused on threat of physical modeling and social
vulnerability and physical assessment. These two analyzes have not been integrated into the risk
assessment. The goal research is to include the social elements and the knowledge of the
communities, for the risk assessment models generation. Specifically, the research proposes a model to make models with the local participation processes. The GAIA methodology was used.
The artifacts developed are MOJANA, MOJANACOOP, and MOJANAREAL. They reflect in
their design the main metamodel components. The variables and processes were represented
through the rules. The rules integrate the flooding phenomenon and social system
characteristics. For the model's development, the case study is the Mojana ecoregion. In
conclusion, the essential variables to analyze social vulnerability are the habitability condition,
the productive activities, the cooperation processes, and the access to health and education of
local communities. In the specific case of the Mojana ecoregion, social vulnerability is medium.
The vulnerability was related to the types of adaptation to flooding processes.Doctor en IngenieríaDoctorad","Villegas González, Paula Andrea",,10.11144/javeriana.10554.55023,,,,,,,,,,'Facultad De Ingenieria Universidad Del Zulia',*,,,
,"*, Autores",,,,,,,,,,,,'Korean Generative Grammar Circle',*,,,
*Obhájeno,"Hřídelová, Barbora",,,,,,,,,,,,Západočeská univerzita v Plzni,*,,,
"Este documento busca hacer una comparación entre los tres regímenes de compraventa aplicables en Colombia. En el ámbito nacional, los cuerpos normativos a distinguir son el Código civil de 1887 y el Código de Comercio de 1971 y, en cuanto al ámbito internacional, nos encontramos con la Convención de las Naciones Unidas de Compra Venta Internacional de Mercaderías, de 1980. Al analizar estos tres regímenes encontramos grandes semejanzas al igual que diferencias, las cuales comportan gran importancia al momento de resolver conflictos. Se hará especial mención a tres aspectos; el ámbito de aplicación de cada régimen, el precio como elemento esencial del contrato y el riesgo por la pérdida de la cosa.This document seeks to make a comparison between the three regimens of the sales contract in Colombia. At the national level, the regulatory bodies to be distinguished are the Civil Code of 1887 and the Commercial Code of 1971 and, as for the international sphere, we find the United Nations Convention on Contracts for the International Sale of Goods, from 1980. Analyzing these three regimes we find great similarities as well as differences, which frame great importance at the time of solving conflicts. A special mention will be made on three main aspects: the scope of each regime, the price as an essential element of the contract and the risk of loss","Barrios Amaya, Ana María, Castillo Ramos, Gabriela, Pinzón Ayala, Paula Andrea",,,,,,,,,,,,,The Three Regimens of the Sales Contract In Colombia,,,
,"Editoriales, Normas",,,,,,,,,,,,'Korean Generative Grammar Circle',*,,,
"Existen diferentes herramientas digitales utilizadas para llevar a cabo un proceso de aprendizaje. La literatura científica ha
establecido que dichas herramientas incrementan el nivel de dicho proceso en los estudiantes en un contexto académico,
sin tener en cuenta la formación empresarial. Las capacitaciones empresariales presenciales conllevan altos costos de
transporte, estadía, mano de obra, e interrumpen las actividades que realizan los trabajadores en horas laborales,
disminuyendo la productividad de la compañía. Esta investigación determinó el efecto de los videos tutoriales en las
capacitaciones empresariales en una empresa del sector automotor. Por esta razón, se realizó el diseño de un prototipo
digital a la manera de videos tutoriales tipo screencasts, para incrementar el nivel de aprendizaje del recurso humano de la
organización. En el presente estudio, los trabajadores recibieron una capacitación con la herramienta tecnológica
propuesta, durante un periodo de cuatro semanas. De esta manera, se logró determinar la influencia de los factores de
diseño: formato, duración e inclusión de un ejemplo de los screencasts sobre el nivel de aprendizaje de los participantes.
La investigación se desarrolló en cuatro etapas: (1) estudio bibliométrico, a través del cual se conocieron los factores de
diseño de los screencasts que, según la literatura, influyen en el proceso de aprendizaje, (2) estudio cualitativo sobre la
capacitación empresarial actual para identificar los ejes de investigación dentro de la cultura organizacional, (3)
investigación cuantitativa al interior de la compañía, para determinar la asociación o relación de las covariables estudiadas
con la formación empresarial, y (4) realizar un diseño factorial general completo para analizar la influencia de los factores
de diseño sobre el nivel de aprendizaje del recurso humano en capacitaciones empresariales. En la cuarta etapa, se
garantizó el mismo estímulo para todos los sujetos durante la capacitación, enviando los screencasts y sus respectivas
pruebas de conocimiento, en un día y hora determinada, de manera constante a lo largo del periodo de formación. Los
resultados evidenciaron que existe relación entre el nivel de aprendizaje y los tres factores de diseño. Asimismo, se
encontró que la combinación de los niveles de los factores, que tuvieron el mayor impacto positivo en el nivel de aprendizaje de los trabajadores, fueron los videos tutoriales tipo screencasts con una duración entre 5 a 10 minutos, que
incluían un ejemplo y que tenían un formato a mano alzada. Igualmente, los hallazgos muestran que el porcentaje medio
de aprendizaje del grupo con esta combinación aumentó en 2.77 puntos (17.31%), frente a la media de aprendizaje inicial.
Esta investigación incluyó un análisis económico, el cual estableció que esta nueva forma de capacitación reduce los
costos en un 64.9 %, en comparación con las capacitaciones presenciales realizadas por la compañía actualmente.There are different digital tools used to carry out a learning process. Scientific literature has established that these tools
increase the level of this process in students in an academic context, regardless of business training. Face-to-face business
training entails high costs of transportation, stay, labor, and disrupts workers' activities during working hours, reducing the
company's productivity. This research determined the effect of video tutorials on business training in an automotive
company. For this reason, a digital prototype of screencasts videos tutorials was designed to increase the level of learning
of the organization's human resource. In this study, workers received training with the proposed technology tool over a
four-week period. In this way, it was possible to determine the influence of design factors: format, duration and inclusion
of an example of screencasts about the level of learning of the participants. The research was developed in four stages: (1)
bibliometric study, through which the design factors of screencasts were known that, according to literature, influence the
learning process, (2) qualitative study on current business training to identify research axes within the organizational
culture, (3) quantitative research within the company, to determine the association or relationship of the covariates studied
with business training, and (4) perform a complete overall factorial design to analyze the influence of design factors on the
level of human resource learning in business training. In the fourth stage, the same stimulus was ensured for all subjects
during training, sending screencasts and their respective knowledge tests, at a given day and time, constantly throughout
the training period. The results showed that there is a relationship between the level of learning and the three design
factors. It was also found that the combination of factor levels, that had the greatest positive impact on the level of
learning of workers, were screencast videos lasting between 5 and 10 minutes, which included an example and had a
freehand format. Similarly, the findings show that the average learning percentage of the group with this combination
increased by 2.77 points (17.31%), compared to the initial learning average. This research included an economic analysis,
which established that this new form of training reduces costs by 64.9%, compared to face-to-face training conducted by
the company today.Ingeniero (a) IndustrialPregrad","Córdoba Correa, Daniela, Gomez Rubio, Laura, Gracia Romero, María Fernanda, Mora Zambrano, Juan Camilo",,,,,,,,,,,,'Facultad De Ingenieria Universidad Del Zulia',*,,,
"La Dra. Lilian Torregrosa, Directora del Departamento de Cirugía de la Facultad de Medicina de la Javeriana y Miembro fundador del Servicio de Ética Clínica del Hospital Universitario San Ignacio, nos habla sobre el libro que publicaron sobre la ética en el uso de imágenes clínicas.",Pontificia Universidad Javeriana. Rectoría. Oficina de Comunicación,,,,,,,,,,,,RCN Radio,*,,,
"El lenguaje figurado constituye una herramienta esencial en la comunicación humana, y su impacto no es menor en la comprensión lectora. Es ampliamente usado en la vida cotidiana y abarca diversas formas y estructuras lingüísticas como, por ejemplo, metáforas, símiles, hipérboles, modismos, entre otras. Hoy sabemos que cerca de un 95% de nuestras conversaciones hace uso de estas expresiones y estas se hallan presentes en textos de muy diverso tipo. Gracias al lenguaje figurado, logramos comunicaciones más creativas y profundas y podemos compartir mensajes, significados e intenciones para las que el lenguaje literal no es suficiente. Dado que un gran porcentaje de lectores que ha culminado el proceso de adquisición de la lectura y no tiene diagnósticos clínicos conocidos evidencia dificultades en la comprensión de ciertos usos figurados, especialmente metáforas, modismos e ironías, resulta importante indagar posibles vínculos entre la comprensión de expresiones figuradas y la automatización de la lectura, en tanto la interpretación de lo figurado podría presentar dificultades para algunos estudiantes que están aprendiendo a leer, especialmente si, durante este proceso, enfrentan tropiezos en la generación de inferencias al leer textos o micro textos de diversa índole. 
En línea con lo anterior, la presente investigación abordó las relaciones entre la comprensión del lenguaje figurado, específicamente, la comprensión de modismos o frases hechas del tipo matar el tiempo o romper el hielo y la adquisición de la lectura en niños en edad escolar de entre 6 y 8 años. El enfoque de la investigación fue cuantitativo y el tipo de estudio se enmarcó en lo exploratorio-descriptivo. El objetivo fue caracterizar los vínculos existentes entre la comprensión de modismos y la competencia lectora automática o subléxica de 29 estudiantes que cursaban primero de primaria en el Colegio Enrique Olaya Herrera de la ciudad de Bogotá. Como resultados, pudo observarse que aquellos estudiantes cuyo proceso de automatización de la lectura avanza positivamente y sin dificultades mostraron, a su vez, mayor conocimiento y mejor comprensión de modismos altamente familiares, siendo hábiles para recuperar el significado de los enunciados de manera aislada y adecuar su uso en función de distintos contextos conversacionales cotidianos. De igual modo, aquellos estudiantes cuya adquisición del código lector evidenció menores avances, presentaron porcentajes inferiores en la comprensión de modismos, independientemente de si estos se presentaban aislados o como parte de un contexto conversacional. El conjunto de estos hallazgos se discute en función de la evidencia sobre la comprensión de modismos en la infancia y su relevancia para el desarrollo intelectual y cognitivo, en general. 
Palabras claves: Enseñanza, aprendizaje, lenguaje figurado, comprensión lectora, modismos.Figurative language is an essential tool in human communication, and its impact on reading comprehension is no less significant. It is widely used in everyday life and encompasses various linguistic forms and structures such as metaphors, similes, hyperbole, idioms, among others. Today we know that about 95% of our conversations make use of these expressions and they are present in texts of many different types. Thanks to figurative language, we achieve more creative and deeper communications and we can share messages, meanings and intentions for which literal language is not enough. Given that a large percentage of readers who have completed the reading acquisition process and do not have known clinical diagnoses show difficulties in the comprehension of certain figurative uses, especially metaphors, idioms and ironies, it is important to investigate possible links between the comprehension of figurative expressions and the automatization of reading, since the interpretation of the figurative could present difficulties for some students who are learning to read, especially if, during this process, they face difficulties in the generation of inferences when reading texts or microtexts of various kinds. 
In line with the above, the present research addresses the relationships between the comprehension of figurative language, specifically, the comprehension of idioms or idioms such as killing time or breaking the ice, and reading acquisition in school-age children between 6 and 8 years of age. The research approach was quantitative and the type of study was exploratory-descriptive. The objective was to characterize the existing links between the comprehension of idioms and the automatic or sublexical reading competence of 30 boys and girls in the first year of primary school at the Enrique Olaya Herrera School in the city of Bogotá. As results, it could be observed that those children whose reading automatization process advances positively and without difficulties showed, in turn, greater knowledge and better comprehension of highly familiar idioms, being able to recover the meaning of the utterances in isolation and adapt their use according to different daily conversational contexts. Similarly, those children whose acquisition of the reading code showed less progress presented lower percentages in the comprehension of idioms, regardless of whether they were presented in isolation or as part of a conversational context. These findings are discussed in light of the evidence on idiom comprehension in childhood and its relevance for intellectual and cognitive development in general.
Keywords: Teaching, learning, figurative language, reading comprehension, idioms.Magíster en Salud Mental EscolarMaestrí","Roa Correa, Luz Areliz",,,,,,,,,,,,Universidad de los Andes - Ediciones Uniandes,*,,,
"El siguiente análisis jurisprudencial aborda el debate que suscita la posibilidad de que el juez de familia condene al cónyuge culpable al pago de una cuota alimentaria —a favor del cónyuge inocente— a título de indemnización de perjuicios en el trámite de un proceso de divorcio, con fundamento en los malos tratos recibidos durante la unión marital. La Corte Constitucional, en la providencia SU-080/20 del 25 de febrero de 2020, estudia en sede de revisión la tutela interpuesta por Stella Conto Díaz del Castillo contra la decisión del 14 de febrero de 2017 de la Sala de Familia del Tribunal Superior de Bogotá, ahondando en la importancia de un rol activo de la administración de justicia en aras de que las víctimas de violencia en razón de su género, y específicamente en el marco de relaciones de familia, obtengan una reparación integral por los menoscabos que dichos actos agraviantes ocasionen a sus intereses legítimos. Teniendo en cuenta lo anteriormente expuesto, este escrito pretende realizar un análisis de la mencionada sentencia y la perspectiva novedosa que propone en lo que respecta a la interrelación entre derechos fundamentales, derecho de familia y derecho de daños.This paper presents the debate that follows the possibility of a family judge ordering the guilty spouse to pay a financial support to the innocent partner as a compensation for damages because of the grievances committed during marriage, in the framework of a divorce process. The Constitutional Court of Colombia, by ruling SU 080-20 dated February 25 of 2020, studied the constitutional action promoted by Stella Conto Díaz del Castillo against a decision of the Family Room of the Superior Court of the Bogota Judicial District dated February 14 of 2017, and gets deeper into the importance of an active role of justice administration in order to give gender violence victims, especially those who were outraged by family, the right to obtain a comprehensive reparation. This paper seeks to examine the ruling of the Constitutional Court and the new perspective that it offers when it comes to the relation between fundamental rights, family law and civil liability","Criollo Silva, Felipe, Gómez Sáenz, María Paula, Sánchez Calvo, Andrea",,,,,,,,,,,,,New Considerations on the Right to Comprehensive Reparation of Women who were Victims of Intrafamily Violence in the Framework of Divorce Processes,,,
"El presente texto está encaminado a exponer y analizar la última decisión tomada por la Corte Constitucional en lo relativo a la exequibilidad del artículo 121 del Código General del Proceso.
Específicamente, se estudia la constitucionalidad de la expresión “de pleno derecho” y sus efectos sobre la nulidad que acarrea para las actuaciones que se realizan con posterioridad de los términos mencionados, además de las sanciones que ello produce para el operador judicial en su evaluación de desempeño. Todo ello se desarrollará a la luz de los principios del acceso a la administración de justicia, con énfasis en el derecho a un término razonable y al principio de celeridad, ambos postulados estructurales de nuestra normatividad procesal, y completamente indispensables en lo que se refiere a la efectividad de la justicia. Además, se busca enfatizar el vínculo que tuvo la determinación de la Corte con la realidad judicial colombiana, sobre todo en lo relativo a la congestión judicial,
y frente a la confrontación que se había venido dando con la
interpretación dada por la Corte Suprema de Justicia.The present text is aimed at exposing and analyzing the latest decision taken by the Constitutional Court regarding the constitutionality of article 121 of the General Code of the Process. Specifically, the assent of the expression “nullity as a matter of law” with the Constitution, and its effects on the nullity that it entails for the actions that are carried out after the terms mentioned in subsection 6
of said article are studied, in addition to the sanctions that this produces for the judicial operator in its performance evaluation. All of this will be developed highlighting the principles of access to the administration of justice, with emphasis on the right to a reasonable term, and the principle of celerity, both structural postulates of our procedural regulations, and completely indispensable in what
it refers to the effectiveness of justice. In addition, this text seeks to draw attention to the link that the Court’s determination had with the Colombian judicial reality, especially with regard to judicial congestion, and in the face of the confrontation that had been taking place with the interpretation given by the Supreme Court of Justice","Arbeláez Hoyos, Sofía, Zapata Amorocho, Mariana",,,,,,,,,,,,,"New understanding on the articule 121 of the ""código general del proceso"" in terms nullity as a matter of law and the warranty to a reasonable term",,,
"Sri Nurvia, 14111320130. Using Song in Teaching English Speaking Skills for

Young Learners (A Qualitative Research at One of

Madrasah Ibtidaiyah in Kota Cirebon)

Speaking is one of languages that important in language learner as a new

second or foreign language. But some people including language learners think that

speaking is difficult. In MI Madinatunnajah Kota Cirebon have many problems that

students face when learning speaking as the students difficult to speak English in

front of class, because they not confident, felt shy and lack vocabulary and another

factors the students are lack motivation to practice the foreign language in daily

conversation. The research based on Sukarno and Gracia’s theory.

The aims this research are: to investigate the process of using song in teaching

and learning speaking, to investigate the advantages and disadvantages of using

song in teaching and learning speaking, to investigate the teacher’s efforts in teaching

speaking.This researcher based on Arikunto, Brewster and Murphey’s theory.

The researcher employs the descriptive qualitative research as a type of the

research. The data were collected by using observation checklist, interview and

documentation study.

The findings show that the observation of process of teaching and learning

English speaking skills by using song, there are 3 steps of teaching and learning, exist

outcomes of learning in teaching speaking skills by using song. The advantages of

using song are: Song could become a media introduction of new languages, songs

improve students’ pronunciation, song could be give good contribution in increasing

students’ motivation in speaking, and song can strengthen memory of students. In

other hand, the disadvantages of using song are: Not all students can receive which

will be delivered by their teacher, song can disturb the class adjacent lessons, song

can lose control in the classroom, and song has poor vocabulary. And there are 5

problems in teaching and learning process using song. But, there is no problem that

cannot be resolved, as well as the problems faced by teachers in learning English

speaking skills using song. Therefore, teachers must have good ideas so that the

problem was solved.

Key words: Speaking skills, teaching English for YLs, using songs","Bergvik, Rolf, Erichsen, Øyvind",,,,,,,,,,,,,"USING SONG IN TEACHING ENGLISH SPEAKING SKILLS

FOR YOUNG LEARNERS

(A Qualitative Research at One of Madrasah Ibtidaiyah in Kota Cirebon)",,,
